{
  "com.zclcs": "info",
  "nacos.client": "info",
  "tech.powerjob.worker.background.WorkerHealthReporter": "error",
  "com.alibaba": "info",
  "com.zaxxer": "info",
  "com.mybatisflex": "info",
  "com.xxl.job": "info",
  "org.springframework": "info",
  "_org.springframework": "info",
  "org.jboss": "info",
  "org.hibernate": "info",
  "org.mybatis": "info",
  "org.apache": "info",
  "io.netty": "info",
  "org.redisson": "info",
  "reactor.netty": "info",
  "com.rabbitmq": "info",
  "com.github.xiaoymin": "info"
}