[
    {
        "id": "platform-auth",
        "uri": "lb://platform-auth",
        "predicates": [
            {
                "name": "Path",
                "args": {
                    "pattern": "/auth/**"
                }
            }
        ],
        "filters": [
            {
                "name": "ValidateCodeGatewayFilter"
            },
            {
                "name": "PasswordDecoderFilter"
            }
        ]
    },
    {
        "id": "platform-system",
        "uri": "lb://platform-system",
        "predicates": [
            {
                "name": "Path",
                "args": {
                    "pattern": "/system/**"
                }
            }
        ]
    },
    {
        "id": "platform-maintenance",
        "uri": "lb://platform-maintenance",
        "predicates": [
            {
                "name": "Path",
                "args": {
                    "pattern": "/maintenance/**"
                }
            }
        ]
    },
    {
        "id": "test-test",
        "uri": "lb://test-test",
        "predicates": [
            {
                "name": "Path",
                "args": {
                    "pattern": "/test/**"
                }
            }
        ]
    }
]
